genome,merit,merit_given,gen,not,nand,and,ornot,andnot,or,nor,xor,equ, seed
"[48]rmzavpeeogwgqdqqggupcihftnipqnttpftqtttttytesvab",16384,16384.7,23948,1,1,0,1,1,1,1,0,0, 1
"[55]rumvuqwgxqjmepcpnqipxlngplqqpqttiwpihfsttttttysastvuoab",3.35544e+07,3.35544e+07,17688,1,1,1,1,1,1,1,1,1, 10
"[53]rzrqrqvqxphidpjqpyqxpqnvpvltnmpqqtplnqutttyvsttvrkchb",16384,16384.7,33455,1,1,0,1,1,1,1,0,0, 100
"[53]xrupvvqtpgdysqaeggjdnpuqtpppngrqyaqfqgtttqfpykwsityab",1.04858e+06,1.04858e+06,24309,1,1,0,1,0,1,1,1,1, 101
"[47]rzlvwmjuqgwnrcpyqhtplnvpztttqqqttfvydptyuistvab",65536,65536.6,28161,1,1,1,1,1,1,1,0,0, 102
"[48]rzuvpeqpqgphqqphpqnqnqfldqopdlnwjqfutttynysttvab",65536,16384.6,38497,1,1,1,1,1,1,1,0,0, 103
"[43]yrbrzsvqqtcqdepqutisqgozqweyphpkittynbstvab",16384,16384.6,19418,1,1,0,1,1,1,1,0,0, 104
"[100]rszmcvunnftqhnooygdjthmqtpzffqpqdnhpiqftqltywhstttvajoyklqqygqunjkzyqkqncynhvbriufzmphikmquhdzurjzab",8.38861e+06,8.38861e+06,10941,1,1,0,1,1,1,1,1,1, 105
"[48]rumvjwynqsxzhuyseqwoyqdpwnpgqmqttpjnhtlyqswttvab",65536,65536.7,18013,1,1,1,1,1,1,1,0,0, 106
"[55]ruqlvnwiogizfqpqsplnnywusppyjszioqxfqjqpqyuttttyjqstvab",65536,16384.8,33822,1,1,1,1,1,1,1,0,0, 107
"[50]ruovwvfaxnjiupkgmyvgyqwfvttpqqrhynqvpntqttfysjsvab",3.35544e+07,3.35544e+07,11867,1,1,1,1,1,1,1,1,1, 108
"[43]ruwohvufztpnqigbomylgqqdeiqfputtdynysthpvab",3.35544e+07,3.35544e+07,29430,1,1,1,1,1,1,1,1,1, 109
"[49]rzfvplacqvywdrgupfqigprqfpqpqrgolmqpnqttttyfstvdb",1.04858e+06,1.04858e+06,16261,1,1,1,1,1,1,1,1,0, 11
"[45]rupvgyzejrgutptteqtyjrsptqvpmpwqtfttvegatmoab",16384,16384.5,19754,1,1,0,1,1,1,1,0,0, 110
"[42]ruvqnipcgdfqpkqkpnlpqqgqplnqrylsttttttvegb",16384,8192.62,42114,1,1,0,1,1,1,1,0,0, 111
"[53]rumtqvypjtnzpqtlyyfkppnqpnfpeqnqrpqiowqdhuttttyxhsvab",8192,8192.68,33916,1,1,1,1,1,0,1,0,0, 112
"[52]rupjqlpeguqipkvpgfepbqoftqdqjpplunqwpqtqutvttynhsvab",16384,16384.6,33995,1,1,0,1,1,1,1,0,0, 113
"[53]rzjvhiutpzeyiqpzlgtnyqqltprpftqhttoyqpqtqtttyisttvdab",65536,65536.7,22076,1,1,1,1,1,1,1,0,0, 114
"[56]rqjuscxvjwwxvcvzcwpzvqkeaphqtpntoottqaltqpqtpptityhgyvab",65536,65536.7,18967,1,1,1,1,1,1,1,0,0, 115
"[59]vvqctrqlqlzhpwnqqpwqmvoqpgnixlnhpzqgqhpyrvutptitthtyqsttqyb",3.35544e+07,3.35544e+07,19671,1,1,1,1,1,1,1,1,1, 116
"[52]rzqqzywqoqllwpnnyyqnofqlppwqtinpigqsvutgtttygfzvjpab",524288,524289,25376,1,1,0,1,1,1,1,0,1, 117
"[52]rufkvlnioqxqspopldqlpkndmpqzqvsppngqnmlquttttyuedvab",16384,16384.8,30585,0,0,1,1,1,1,1,0,0, 118
"[56]ryfcmzovktonqypohqcfwpxigpsqgzfpmqqpfnlsqghgutttypzvzmab",65536,65536.7,23850,1,1,1,1,1,1,1,0,0, 119
"[45]rzovswgnpjuqmntpzttqpptqplnioqttqhppqpyfwsvab",65536,65536.7,16715,1,1,1,1,1,1,1,0,0, 12
"[106]dupqyolgwqqqrpcrfvgwpjjqdyglcyuqvgxgzcexelhlqqgqbhthpquviqncfgopqvqdpclplqhgqntxttfvomqyfpuqnutzypysttvaab",3.35544e+07,3.35544e+07,11751,1,1,1,1,1,1,1,1,1, 120
"[44]wrupvjnqzpunlqnpzhqppvqyouqpdlnqettttyvstvab",65536,32768.6,31487,1,1,1,1,1,1,1,0,0, 121
"[100]rzxvymnlqqvqpiltgjtndqfpqhpqoogtittymstttyuupnxocanztxipleyoulgcddxuemlhepcavxuvvkwrzzenldxhpykhizxb",65536,65536.7,17359,1,1,1,1,1,1,1,0,0, 122
"[48]ruqtggxwxingtovupfvgdqoqtptiyogphnlpqftyhpsttvab",3.35544e+07,3.35544e+07,16333,1,1,1,1,1,1,1,1,1, 123
"[42]ruvujpqnpqpupwtqingctfywspwqcoqtttvdoozjab",65536,65536.5,27500,1,1,1,1,1,1,1,0,0, 124
"[49]rzivpqlpqdppkigqqifbilnqguppqfpqqiroquttttyvstveb",65536,65536.8,35971,1,1,1,1,1,1,1,0,0, 125
"[45]ruwnzvvufgentomuqrovqdspzpnqigqkogqutttcwevob",8192,8192.56,31652,1,0,0,1,1,1,1,0,0, 126
"[48]ruvsluilwntmfjfttgqrfboetgtpqbphgdqtqutptylesvab",3.35544e+07,3.35544e+07,12414,1,1,1,1,1,1,1,1,1, 127
"[50]rpuqvdviyiouprtiitptqqapeppqhilvpnqtqnqpjtynystvab",65536,65536.7,16483,1,1,1,1,1,1,1,0,0, 128
"[48]rupsvfvydospmqplsqlpvagrldnqpphqzqpqpttttyqzzvab",16384,8192.6,31052,1,1,0,1,1,1,1,0,0, 129
"[50]rufmeeqvqupipvgqkfqnynjgofgpnqflpqfphqqtttyekstvub",16384,8192.7,33802,1,1,0,1,1,1,1,0,0, 13
"[53]oaruwulvpdnquyvmofjqpipqqfnqeyuuhlggbnqsulttttydozvab",16384,16384.7,26888,1,1,0,1,1,1,0,1,0, 130
"[44]ruqwnvnuptqpqpgptqfoeiqfpqnlqnqfzttyestvizyb",65536,32768.6,35808,1,1,1,1,1,1,1,0,0, 131
"[54]rueoqvrgcvsjcnutttqopvlnknpqpgqgqhapfvpqrdppttyjattvab",2.09715e+06,2.09715e+06,19357,1,1,1,1,1,1,1,0,1, 132
"[45]pruvrenfjfypqunqyhzqzgptttpelnqfqthptyzsfmpyb",3.35544e+07,3.35544e+07,25358,1,1,1,1,1,1,1,1,1, 133
"[52]rupvgdqkofydoqyiuqtpxgpogqvufempyquocqmqvttttyursvab",16384,16384.6,27931,1,1,0,1,1,1,1,0,0, 134
"[44]ruqseftqvpvqkntsbgmolpnqppmquqsquttttukstvob",8192,2048.62,41752,1,1,1,1,0,1,1,0,0, 135
"[35]rzgaqvvugmtpeqpqftpreqgpiotygsthvgb",1.04858e+06,1.04858e+06,17662,1,1,0,1,0,1,1,1,1, 136
"[44]rukwwzpavqspovqsppqpzqtgoqufqiptlftnydistvab",8192,8192.6,21189,1,0,0,1,1,1,1,0,0, 137
"[52]rupdyvwveqjpxocqtpplonqprpoqlvnhprqvqptquttttydvsvab",16384,16384.6,33954,1,1,0,1,1,1,1,0,0, 138
"[44]rzlakcveoxwltbixpmqpeqohifptptqcttgqtyubsyab",3.35544e+07,3.35544e+07,17452,1,1,1,1,1,1,1,1,1, 139
"[53]yzzvqprmvgpqgpppmqyfheviuzprtgqdopqofnqoptttwytssqvab",65536,16384.7,28002,1,1,1,1,1,1,1,0,0, 14
"[53]rupocvyvumczpzqxbpuqepetyngpqupipqhoqnfoqpttttysksvab",16384,16384.7,28161,1,1,0,1,1,1,1,0,0, 140
"[51]rzwvptqysppqzplnqedgpsphpqfihquoqniqnlqutttygxdvfab",262144,262145,29609,1,1,1,1,1,0,1,0,1, 141
"[49]ruvfqjdqrpkquptqpqppjqyoqpupenlqplnqvttttyokstvar",65536,65536.7,19802,1,1,1,1,1,1,1,0,0, 142
"[41]rzaqnqlrpnvovgvqqpxpqjqpnqgfqutyhsttttvzb",1024,1024.56,42764,1,1,0,1,1,1,0,0,0, 143
"[54]fruyiavnkbtxiknkbuywwyocuipggqpinhljqktqyttttymcstfvab",3.35544e+07,3.35544e+07,18862,1,1,1,1,1,1,1,1,1, 144
"[186]rztevqxoqqnolqvegnpfpquqigeoplqpqfpqnbwavbpefqwkzxwwtsawtyiwjdopwybrqihpgcpqqjwfuttxyvfsttvabrzvevqxoqqnolqvegkpfpquqigeoplqppfpqnbwavbpefqwkzxwwtsawtyiwjdopwybrqicpgcpqqzmfuttxyvfsttvab",65536,16386.2,27244,1,1,1,1,1,1,1,0,0, 145
"[52]rujgwuvqpdqdpgifqypqqpdprqsopqypuqpilnqquttyistttvmb",16384,16384.7,32497,1,1,0,1,1,1,1,0,0, 146
"[44]prrqeoqzmplnqsygpdpdqropgpqcqvfiquttttywstva",16384,16384.6,39538,1,1,0,1,1,1,1,0,0, 147
"[47]rszavpqdnwoimtxeazouyimfqpqpwnqrykutytsttvgigjb",2048,2048.62,28180,1,1,0,1,1,0,1,0,0, 148
"[57]rupenggwilhwxmwqnufmwmxpqeipqovpuqypntpeqdsqtuttttykwyvab",16384,16384.8,31998,1,1,0,1,1,1,1,0,0, 149
"[55]rueowiyoovngjmgplzkqrpvqgfpnlgpiqitditqfdtqttttyfkstvab",65536,65536.8,18677,1,1,1,1,1,1,1,0,0, 15
"[48]rupqvqkonjqkppqprigeqnjyzflittncqgqotepyhsttpvnb",65536,65536.6,22231,1,1,1,1,1,1,1,0,0, 150
"[52]iuqnvquqpfggsnjqklqsygvliufpyjfpfxpaogqsuttttyoidvab",2.09715e+06,8192.7,26170,1,1,0,0,1,1,1,1,1, 151
"[54]rusifvuqumoquqqhppvdszknizttlpnotmqvpqptttttiyhlsttvab",65536,65536.7,23574,1,1,1,1,1,1,1,0,0, 152
"[48]rzkvqoxprmtipnsiqzptpmnoqvpzqplnqpqutttyzisttvab",2048,2048.66,37588,1,1,0,1,1,0,1,0,0, 153
"[48]ruprwmlufqdyrmpcqzflppqvgllgupnjqqwsluttttyhdvwb",16384,16384.7,27992,1,1,0,1,1,1,1,0,0, 154
"[48]rduqpvqsptgwpeqdfngpqrlbnxnbqpqvnmquttyowstttvab",2048,2048.58,39019,0,1,1,1,1,1,0,0,0, 155
"[56]rzlqlvypsqpqqbpqsfipphtqntttgdttttqybtohqfttuttyszvoeisb",16384,16384.8,25312,1,1,0,1,1,1,1,0,0, 156
"[106]rugvuvyvaoehkhxqxohhigjvhuqitqhfiyptgitqpitysstnltvtbrugvuvyvaoehkhxqxohhxgjvhuqitqhfiyptgitqpitysstnltvtb",3.35544e+07,3.35544e+07,19011,1,1,1,1,1,1,1,1,1, 157
"[53]ruqrviljqpwdgygnbpmpcqhqpqeplknrquikfqlpftpyoistttvab",8.38861e+06,8.38861e+06,28759,1,1,0,1,1,1,1,1,1, 158
"[46]pirqpnmzvqlfpxqmpeyennrqopivpquoquttttyssttvxb",2048,2048.62,39009,1,1,0,1,1,0,1,0,0, 159
"[44]ruqpbvrlieesyjjzlqipeqtteptqxgwfmpqtpygnsvab",65536,65536.6,26289,1,1,1,1,1,1,1,0,0, 16
"[49]rupvxwsidpqooaolxzmipqipsniqslwpnqttttyjnstvzsyab",8192,8192.58,23509,1,1,1,1,1,0,1,0,0, 160
"[53]rupovltwtsyplttizyqonnpzfdyiaghxmqlpmqtpttqptyorsivab",128,128.6,21185,1,1,0,1,0,1,0,0,0, 161
"[94]lundpqaqdpqlcfpnbrytfpelmncaltggqqpqqzvfeeenzcfduyggquqsaqcpqpdapcvffefknealssgyqoqqgwttykdvpb",3.35544e+07,524289,797,1,1,1,1,1,1,1,1,1, 162
"[1930]rusovlkkluwuhuquiovoqnnozbpxqwpqpepttyyxyvabaaaaaaaaaaaaaaaaaaaaaaaaaaauaaaakaaaaaaaaaaaaaaawaaaaaaaaaaaaaaaaaaaaaaaaaiaaaaaaaaaaaaaaaaakzaaaaaaaaaaaaaaaaaaaaaaaaaaaaaaaaaaaaaaaaaaaaaaaaaaaaaaaaaaaaaaaaaaaaaaaaaaaaaaaaaaaaaaaaaaaaaaaaaaaaaaaaagaaaaaaaaaaaaaaaaaaaaaaaaaaaaaaaaaaiaaaaaaaaaaaaaaaaaaaaaaaaaaaaaaaaaaaaaaaaaaaaaaaaaaaaaaaaaaaaaaaaaaaaaaaaaaaaaaaaaaaaaaaaaaaaaaaaaaaaaaaaaaaaaaaaaaaaadaaaaaaaaaaaaaaaaaaaaaaaaaaaaaaaaaaaaaaaaaaaaaaaaaaaaaaaaaaaaaaaaaaaaaaaaaaaaaaaaaaaaaaaaaaaaaaaaaaaaaaaaaaaaaaaaaaaaaaaaaaaaaaaaaaaaaaaaaaaaaaaaaaaaaaaaaaaaaaaafaaaaaaaaaaaaaaaaaaaaaaaaaaaaaaaaaaaaaaaaaaaaaaaaaaaasaaaaaaaaaaaaaaaaaaaaaaaaaaaaaaaaaaaaaaaaaaaaaaaaaaaxaaaaaaaaaauaaaaaaaaaaaaaaaaaaaaaaaaaaaaaaaaaaaaaaaaaaaaaaaaaaaaaaaaaaaaaaaaaaaaaaaaaaaaaaaaaaaaaaaaaaaaaaaaaaaaaaaaaaaaaaaaaaaaaaaaaaaaaaaaaaaaaaaaaaaaaaaaaaaaaaaaaaaaaaaaaaaaaaaaaaaaaaaaaaaaaaaaaaaaaaaaaaaaaaaaaaaaaaaaaaaaaaaaaaafaaaaaaaaaaaaaaaaaaaaaaaaaaaaaaaaaaaaaaaaaaaaaaaaaaaaaaaaaaaaaaaaaaaaaaaaaaaaaaaaaaaaaaaaaaaaaaaaaaaaaaajaaaaaaaaaaaaaaaaaaaaaaaaaaaaaaaaaaaaaaaaaaaaaaaaaaaaaaaaaaaaaaaaaaaaaaaaaaaaaaaaaaaaaaaaaaaaaaaaaaaaaaaaaaaaaaaaaaaaaaaaaaaaaaaaaaaaaaaaaaaaaaaaaaaaaaaaaaaaaaaaaaaaaaaaaaaaaaaaaaaaaaaaaaaaaaaaaaaaaaaaaaaaaaaaaaaaaaaaaaaaaaaaaaaaaaaaaaaaaaaaaaaaaaaaaaaaaaaaaaaaaaaaaaaaaaaaaaaaaaaaaaaaaaaaaaaaaaaaaaaaaaaaaaaaaaaaaaaaaaaaaaaaaaaaaaaaaaaaaaaaaaaaaaaaaaaaaaaaaaaaaaaaaaaaaaaaaaaaaaaaaaaaaaaaaaaaaaaaaaaaaaaaaaaaaaaaaaaaaaaaaaaaaaaaaaaaaaaaaaaaaaaaaaaaaaaaaaaaaaaaaaaaaaaaaaaaaaaaaaaaaaaaaaaaaaaaaaaaaaaagaaaaaaaaaaaaaaaaaaaaaaaaaaaaaaaaaaaaaahaaaaaaaaaaaaaaaaaaaaaaaaaaaaaaaaaaaaaaaaaaaaaaaaaaaaaaaaaaaaaaaaaaaadaaaaaaaaaaaaaaaaaaaaaaaaaaaaaaaaaaaaaaaaaaaaaaaaaaaaaaaaaaaaaaaaaaaaaaaaaaaaaaaaaaaaaaaaaaaaaaaaaaaaaaaaaaaaaaaaaaaaaaaaaaaaaaaaaaaaaaaaaaaaaaaaaaaaaaaaaaaaaaaaaaaaaaaaaaaaaaaaaaaaaaaaaaaaaaaaaaaaaaaaaaaaaaaaaaaaaaaaaaaaaaaaaaaaaaaaaaaaaaaaaaaaaaaaaaaaaaaaaaaaaaaaaaaaaaaaaaaaaaaaaaaaaaaaaaaaaaaaaaaaaaaaaaaaaaaaaaaaaaaaaaa",4.1943e+06,8210.9,1778,1,0,0,1,1,1,1,1,1, 163
"[51]rupfvozqiylupmlnnqsplnyqmpoipogpqnoqgfqutttyqgstoab",8192,8192.66,34705,1,0,0,1,1,1,1,0,0, 164
"[55]ruqwvuflnqdspyhyguphqhmwzbderatzwjxkeqikagpitqydxettvab",65536,65536.4,13763,1,1,1,1,1,1,1,0,0, 165
"[159]srqzpvypjenmgqeynvcninvorsqpkmllnrnpqmqspqutttttymoyyzyvpwhfueipqppogqqvqabaaaaaaaaaaaaaaaaaaaaaaaaaaaaaaaaaaaaaaaaaaaaaaaaaaaaaaaaaaaaaaaaaaaaaaaaaaaaaaaaaaaa",2.09715e+06,2.09715e+06,16535,1,1,1,1,1,1,1,0,1, 166
"[48]ruqvmhnzpqpjqulspnctgkpqeqcotpqnqfoqvquttysstvyb",262144,262145,34176,1,1,0,1,1,1,1,1,0, 167
"[50]zqqvnhpqepjqgtpqgytfxpxydcgoqitttoqftnyptttyvsqyob",65536,16384.7,27334,1,1,1,1,1,1,1,0,0, 168
"[53]ruqxyjfhrjpqoivppoqpfqptqpqnpppsqioqpnulqutyrlstttvab",16384,16384.7,32136,1,1,0,1,1,1,1,0,0, 169
"[52]rzlvnndqrsncyebmxgyzikoxghyaogouphphlnqfttttyypyveab",32768,32768.7,18659,1,0,1,1,1,1,1,0,0, 17
"[53]xrzmvxnorutpdtnqpnqfppqbpvlnnqdtnlqfgttpqlyglstttvrab",8.38861e+06,8.38861e+06,19990,1,1,0,1,1,1,1,1,1, 170
"[53]xsrzovujlqkorvxdemdltuaevuyzyqpnpwlqtppndqdtyejsttvab",65536,65536.7,14444,1,1,1,1,1,1,1,0,0, 171
"[48]ruiquvfptnqfmpqpqqpmsqrrpcpgqlglupnqutttyxszvrab",524288,524289,30479,1,1,0,1,1,1,1,0,1, 172
"[44]ruhdeiszqpqgypqxldppntqvfboiqppqvquttyystvqb",16384,8192.64,36200,1,1,0,1,1,1,1,0,0, 173
"[48]rpzxvxwvhpihnqqpqlmpmygdnqcqqpuphqnutttyhusttvab",128,128.54,37270,1,1,0,1,1,0,0,0,0, 174
"[51]oplbrzpvmdikchmuqrtovttttqpnmdtqppqqpqzoxygnstttvab",16384,16384.8,19789,1,1,0,1,1,1,1,0,0, 175
"[98]rqwzxvipzgpunlqrpflbngplqslqplenhgqqqyaqiyetttklbxvpbtpzqnyadfrppdqqoegquqwpfmlrnwhqttywstttttvjfa",3.35544e+07,3.35544e+07,25470,1,1,1,1,1,1,1,1,1, 176
"[53]rkznvkgwuuktktfttiqtztqpwqpkqtppsqpoqpvlnqpttthyfsvwb",65536,32768.7,22640,1,1,1,1,1,1,1,0,0, 177
"[45]rztkmwhspydpqhoqpqvlgipnlpqrgoqfqutttttytsvsb",2048,2048.62,38488,1,1,0,1,1,0,1,0,0, 178
"[149]hpxayatixqqzpjpqipynwchoemxwvesqedrebecwsreltwgtowbjzcqibgxqppbqsbnxrgowmbgqpkciyzerqeavcennrgihzckfuwemsivqoqplblqqpondfoumyqulcgxrfqnqtnuttyvtstvab",65536,65537.7,17633,1,1,1,1,1,1,1,0,0, 179
"[54]rulvwipzuduoqwotyshnmqemqqepwlsnntpeqettqttyvpsttttvab",16384,16384.7,27582,1,1,0,1,1,1,1,0,0, 18
"[53]runvsupfgqvgggeqviknvvqtipqpegqplngqzpjpftftynvsttvab",1.04858e+06,1.04858e+06,15410,1,1,1,1,1,1,1,1,0, 180
"[45]brzsvosqimlioinqkpneppqdqqppolnqdttyyqstvhwab",16384,8192.54,35948,1,1,0,1,1,1,1,0,0, 181
"[52]ruqdvqfqipnlqrqffhpggdqogpqpqpnlqjquslpivttttyutzvab",65536,65536.7,26790,1,1,1,1,1,1,1,0,0, 182
"[51]ruqsvxzttnhequphqtpxnxlroqztipnikttqmpqcttyvnsttvab",65536,65536.7,23421,1,1,1,1,1,1,1,0,0, 183
"[53]rukvpscrbdhutindldqptyzowqhtpgnspqqqhqnftyqysttttvaab",65536,65536.8,18360,1,1,1,1,1,1,1,0,0, 184
"[32]rauavupqafiegpqmozqwpqyigtyvsvdb",65536,65536.4,8970,1,1,1,1,1,1,1,0,0, 185
"[50]rbzxvvusqkqxptgpwqppkqutilhptffogqsdqvttttyxhsvyab",4.1943e+06,4.1943e+06,19709,1,1,1,1,1,0,1,1,1, 186
"[54]rujvipzqipgvgheffnihfgvcqttgplnvprfrqhhttttytsqfsttvrb",65536,65536.6,24655,1,1,1,1,1,1,1,0,0, 187
"[52]rzrvdcakuebuyoplqnvezpsoqofnpqnslbppgphqnttttykmsvab",65536,65536.6,15313,1,1,1,1,1,1,1,0,0, 188
"[101]jrkrznogqopgqppqpqkoqqppznlqpmvqqlutttttywlstttgisptjdqmxganlkvzaqchuwlqxfjsljclwujudsehqngrtzglsrqab",16384,16384.7,18259,1,1,0,1,1,1,1,0,0, 189
"[45]ruvupjqtopqhoqkfgqeyvnfzignqtqrssgutttyhtyvab",524288,524289,25108,1,0,1,1,1,1,1,1,0, 19
"[48]rzwplbyqymqvpvgxzkfzqkpzlgnqfplqpeutqttyhsttvyzb",16384,16384.7,25454,1,1,0,1,1,1,1,0,0, 190
"[49]ruvjfouwespxznqcopquoeqvpelonptqwqhqsttttyjkstvab",65536,65536.6,27407,1,1,1,1,1,1,1,0,0, 191
"[48]wnkruveyphppqmpjqtqpgypgqepynlqqqsfctttydvsttyab",65536,65536.6,25114,1,1,1,1,1,1,1,0,0, 192
"[55]rquyfisuqzpsqzpvqzpgprqeiqwolnqpngoluqopqpqutttyqystvab",65536,65536.7,31141,1,1,0,1,0,1,1,0,1, 193
"[49]razfvunkzqlnpqjvuqpogspdqfypqfuikvotgqytttyustvnb",3.35544e+07,3.35544e+07,17603,1,1,1,1,1,1,1,1,1, 194
"[52]ruvqjqhphzffzpqjspiiqwykvppggfngpqqgpqqidttttyvldvab",262144,65536.7,29246,1,1,1,1,0,1,1,0,1, 195
"[47]ruwcvqpzpqupnpgqtpqpcnlqqpqlprnlququttyustvtvyb",16384,16384.7,36483,1,1,0,1,1,1,1,0,0, 196
"[54]rujervexbuwqfgppgqofxqtlbphnbpnqqwooqcogmmxttyymsttvab",3.35544e+07,8.38861e+06,20228,1,1,1,1,1,1,1,1,1, 197
"[50]rrzlfqtppunpqdpvqqpqgpeqqzmtouqpipnnlqtgttynsstyae",65536,65536.7,27523,1,1,1,1,1,1,1,0,0, 198
"[51]rzxvwweloqcptpkqpifoeqqnipticnlpiqlqsqutttywvstvyab",16384,16384.6,34470,1,1,0,1,1,1,1,0,0, 199
"[56]rizsvuqfplynsfvqepyrpsrlwemaoyojgqrcrqmqzsktpitgywstvktb",65536,65536.5,15868,1,1,1,1,1,1,1,0,0, 2
"[88]ruqvpxzlqypkttttttqppqpqmoqzipepntistyoqsvabruqvpxzlqypkttttttqppqpqmoqzipepntistyoqsvab",65536,8192,23587,1,1,1,1,1,1,1,0,0, 20
"[110]kiurxvpsqhpgqplmpflnqpgtpggqfqpxquohttiqitfttymrstttvabaaaaaaaaaaaaaaaaaaaaaaaaaaaaaaaaaaaaaaaaaaaaaaaaaaaaaaa",1.04858e+06,1.04858e+06,16641,1,1,1,1,1,1,1,1,0, 200
"[49]ruvykcdcqumqlpvqtgmiptpfqffhyipinlqqtgtttyhfstvab",65536,65536.6,14531,1,1,1,1,1,1,1,0,0, 21
"[49]ruqvvqlpalhupttglqzoyqgthqfyyrwcmyjidhimtywxstvab",16384,16384.5,12121,1,1,0,1,1,1,1,0,0, 22
"[48]ruqxqvlfpvnqjflgqqyypfloygqpoqsqqjpssuttttyfdvdb",8.38861e+06,8.38861e+06,27224,1,1,0,1,1,1,1,1,1, 23
"[108]alyznvqcbqppmpxizfoysupyvqqoecaakjysjkllxsiaghuyzcdtrpvuinvrqzszmzdqpvapypqtykkgqpoeplqqcrazoqrutttyossttgab",3.35544e+07,3.35544e+07,6178,1,1,1,1,1,1,1,1,1, 24
"[49]ruvwdiuqgeoymeqenigirppgtldgrnqipitnhfqttyzkstvab",65536,65536.7,14081,1,1,1,1,1,1,1,0,0, 25
"[43]rbzhvqgupppdqztpeggqtttehtflnqrfittfydjsvab",8.38861e+06,8.38861e+06,25315,1,1,0,1,1,1,1,1,1, 26
"[54]rufmjvpgxzqcgpqqqpcpomqhtoeiqfpqlppniqhpfltttttyfvsvab",8.38861e+06,524289,21394,1,1,0,1,1,1,1,1,1, 27
"[46]vqzvfkqlfweqtrzivluqyfeiogthqytpjpqjiywfsttvab",3.35544e+07,3.35544e+07,17349,1,1,1,1,1,1,1,1,1, 28
"[53]ruehfjeyseoyqpmrgqhieiiomqvpynipqcqspbqewuttttytaevab",16384,16384.8,27542,1,1,0,1,1,1,1,0,0, 29
"[52]rupvghqizqdgwfvlozpnmmescgcqgupinqplnqfysttttylcsvab",65536,65536.7,30371,1,1,1,1,1,1,1,0,0, 3
"[352]ruppvqofrpfpwqzfndosdiqqnvpjgxpgqbqxutttkyspyvabaaaaaaaaaaaaaaaaaaaaaaaaaaaaaaaaaaaaaaaaaaaaaaaaaaaaaaaaaaaaaaaaaaaaaaaaaaaaqaaaaaaaaaaaaaaaaaaaaaaaaaaaaaaaaaaaaaaaaaaaaaaaaaaaaaaaaaaaaaaaaaaaaaaaaaaajaaaaaaaaaaaaaaaaaaaaaaaaaaaaaaaaaaaaaaaaaaaaaaaaaaaaaaaaaaaaaaaaaaaaoaaaaaaaaaaaaaaaaaaaaaaaaaaaaaaaaaaaaaaaaaaaaaaaaaaaaaaaaaaaaaaaaaaaaaaaaaaaaaaaaaa",65536,65540,9550,1,1,1,1,1,1,1,0,0, 30
"[55]ruhsvpmnqtivtiafgqqipgnldpxtqtqtpnptlnuthqouzxttyxgsvab",65536,65536.8,16444,1,1,1,1,1,1,1,0,0, 31
"[55]ruvuqsmtpqpnqdpqpipjqwoqwpwqpzgjtiplnqefpsqluttyesttvkb",65536,65536.7,32421,1,1,1,1,1,1,1,0,0, 32
"[41]rgujqqvizemjhouqpmignttpmqvtqfplttyjstvib",65536,65536.6,30393,1,1,1,1,1,1,1,0,0, 33
"[53]nrumvqnqprlniqequppxqjnopkqplnoqplpqcquutttttyonstvab",16384,16384.7,33804,1,1,0,1,1,1,1,0,0, 34
"[53]ruwjmvuciwlayhqspgpuqyytpgqfeplfglpnqnqycutywdstttvab",2.09715e+06,2.09715e+06,22333,1,1,1,1,1,1,1,0,1, 35
"[55]rzyvqdmuvsykqxbkwnjeupphtgztfttyjnpstqjqtttgyastvvyehvb",65536,65536.6,22794,1,1,1,1,1,1,1,0,0, 36
"[51]rurqxvwxgrinlpcqhpeignvqxfomldqnkqppqfqutttyvjstvab",8192,8192.68,34060,1,0,0,1,1,1,1,0,0, 37
"[48]ejrzzidnuqyprfpjqpqgnlqegqvqpdfprqvsettttyvdzvab",65536,32768.6,29184,1,1,1,1,1,1,1,0,0, 38
"[52]kruvuqqfevquhqfqtppwgltljqhntqpkqftepvqqdqtyiydstvsb",3.35544e+07,3.35544e+07,14634,1,1,1,1,1,1,1,1,1, 39
"[48]ruqvtqsnjpdtqrqjpfnlqwpqppvpqitptnlqlqutttywsvwb",16384,16384.7,35368,1,1,0,1,1,1,1,0,0, 4
"[54]rzqqvgjiffqpcgqppnqlnpnqhpqqiqgpgqylpvnqqmuttyqesttvab",16384,16384.7,32916,1,1,0,1,1,1,1,0,0, 40
"[120]rzgpqpovlrnqpvndglpwqqqutttttyievysdvjkmfmoqwzoqqpqvshcaaaaaaaaaaaaaaaaaaaaaaaajaaaaaaaaaaaaaaaaaaaaaaaaaaaaaaaaaaaaaaaa",16384,16384.7,13415,1,1,0,1,1,1,1,0,0, 41
"[180]kpcqpqvpqxphipqigifvpqpiltnjqzymgqyzdiqmpdquydlmrpqqwpiixxnrynfvylyplzvqoqutfttymsttvdqbrzhbkpcqpqvpqxphipqigifvpqpiltnjqzymgqyzdiqmpdquydlmrpqqwpiixxnrynfvwlyplznvqoqutttymsttvdqb",8.38861e+06,2.09715e+06,30264,1,1,0,1,1,1,1,1,1, 42
"[52]rufvpspejuqfnpqpipqfpgpgspxpglnyqzwlqdqsuttttyxkzvab",65536,65536.7,26152,1,1,1,1,1,1,1,0,0, 43
"[37]urqyzrvimonnmjtqspntpqqmptttpymslxnyb",32768,32768.5,46740,1,0,1,1,1,1,1,0,0, 44
"[48]rqnhzfeppsepfqjpqspmnnvpcqpnlqlqnuttttyiwzvrnyab",16384,16384.6,29820,1,1,0,1,1,1,1,0,0, 45
"[228]puqjcjcfqipdpwrpgeqfrynpsfngqoqtsgdqqxpupgkqdvwsbrlzvyvzwluqmqpvfqlpephyuflpfvepppoqsdoqngvgqqsdypgfaqutttiyeldvabaaaaaaaaaaaaaaaaaaoaaaaaaaaaaaaaaaaaaaaaaaaaaaaaaaaaaaaaaaaaaaaaaaaaaaaaaaaaaaaaaaaaaaaaaaaaaaaaaaaaaaalaaaaaaaaaa",3.35544e+07,3.35544e+07,21896,1,1,1,1,1,1,1,1,1, 46
"[46]ruopyqxvoqpepmzeqxpqtntlvptqqoqutyfbsttttvazab",2048,2048.58,27678,1,1,0,1,1,0,1,0,0, 47
"[45]dzrzmvcpdqppauiqpnttqyypplnqpztpqtttyyjhvpuab",65536,65536.6,23077,1,1,1,1,1,1,1,0,0, 48
"[41]rzgyonqgqppmgwoqoipptvqfpqqqgtttttyestvtb",1024,512.54,27458,0,1,0,1,0,1,1,0,0, 49
"[44]rujivprgedzogqgogqwypgtlnqtpiqkfytttyhfstvab",65536,65536.6,33230,1,1,1,1,1,1,1,0,0, 5
"[44]ruveegygymouiqgeppgfzprqhqhowpoqhttttyhstvvb",65536,65536.6,18389,1,1,1,1,1,1,1,0,0, 50
"[49]hupywvnayvquoxyrhorqnpnvlvgqmpqftpqeutttyswsttvab",1024,1024.64,38400,1,0,0,1,0,1,1,0,0, 51
"[97]drpilbhqgzkgpqmydivpntlunqdlrqoqfgmgqbylxppplxnhqryniyfqqrpqqpylwnqgnfpzqfnrqtqgjputttttynsttvema",3.35544e+07,3.35544e+07,25558,1,1,1,1,1,1,1,1,1, 52
"[52]ruqpvyqqxpntqppcqpmlnqdskjcpipqjgoqfrqpquttttynbdtab",16384,16384.8,29065,1,1,0,1,1,1,1,0,0, 53
"[43]rupwflyyviqbpqyjppmfipqxgomofenthttytastyab",3.35544e+07,3.35544e+07,24676,1,1,1,1,1,1,1,1,1, 54
"[91]yztypaoqdpkrqzrqovpepqpiqmoupqnqutttyxvstvjoonvcjskaqoleunimyxikdluvmgqnryorqimkkncrodthfab",2048,2048.52,19251,1,1,0,1,0,1,1,0,0, 55
"[52]fbrzioqpdpgqnpsfzqfpcvpnlngxbqfpqrqppwqdtttyzcstvdab",65536,16384.7,33340,1,1,1,1,1,1,1,0,0, 56
"[52]ruyddjupoqtysspgqhpquprgbvnlqyqpfnoqjppquttttyemsvab",8192,8192.64,33506,1,0,0,1,1,1,1,0,0, 57
"[43]zlrzjvkpizqsgpwqtppffoeiegquqputttyrbwtvyab",8.38861e+06,8.38861e+06,16607,1,1,0,1,1,1,1,1,1, 58
"[52]ruywryppqivojlwbnqpqpopgfjpudylqhqhoqpqjzttttyjxsvab",65536,16384.7,33770,1,1,1,1,1,1,1,0,0, 59
"[48]rcugvuqgpynlwqpzqwijlptiesvnvpmqtphqttyystttvfyb",65536,16384.6,23719,1,1,1,1,1,1,1,0,0, 6
"[53]rolivqwipxqcgptgftpmqsfkpnsplnnpkqknqiqgqhutywusttwab",4096,2048.64,31287,1,1,1,1,1,1,0,0,0, 60
"[44]ruqfvgdgjunqlltngitqgipphfiqjpqmttplfyxstvjb",65536,65536.6,17247,1,1,1,1,1,1,1,0,0, 61
"[52]ruptvwuouguqmipievpttqqpwlnpmtpxegoqyfdqtypcsttttvab",65536,65536.7,18901,1,1,1,1,1,1,1,0,0, 62
"[48]ruvedqiqauplungaqpnpqtevyeoipqmfvqenvsutttyndvub",65536,65536.7,20687,1,1,1,1,1,1,1,0,0, 63
"[48]ruqggqvqeyekgnpziymydahiuutipiqtoqtfptttyvphvqgb",262144,65536.6,19712,1,1,1,1,1,0,1,0,1, 64
"[54]rugxvgauimfangqpsrlinqphflnnipkqyjufpqsgnqkwtltymstvnb",3.35544e+07,3.35544e+07,15327,1,1,1,1,1,1,1,1,1, 65
"[105]rznfvzdzzoqiolheozqpqqodtfipypqmpgomodgqzisoobamoyznmlymifooqifohsgqpgfqwgtgsfvhacpqqjyurpvqutttttysfzvab",3.35544e+07,3.35544e+07,15168,1,1,1,1,1,1,1,1,1, 66
"[56]nrurvueuqmpqwgpqjpjtpeiqgqfpquqeppinlqqqkttttttyvesvwoab",3.35544e+07,3.35544e+07,18362,1,1,1,1,1,1,1,1,1, 67
"[41]rupqqvoelxnuqpqlppkqsoqplnqpqutyhjstttvab",16384,16384.6,40023,1,1,0,1,1,1,1,0,0, 68
"[54]rzkvqqnqnkptqvjuphpvqtpkqpptgfqprqvqxonquttttytdsvarab",16384,16384.6,34091,1,1,0,1,1,1,1,0,0, 69
"[55]xioehmrzumvuqniozhtttgqqyfgqptpnqfpgqxpclinqtttymzstvab",3.35544e+07,3.35544e+07,16069,1,1,1,1,1,1,1,1,1, 7
"[49]virzlvqqopnqligoqulpynnqsgjqufwppwlquttttyzjstqab",65536,65536.7,24696,1,1,1,1,1,1,1,0,0, 70
"[54]rziimvilibaumzpgehiibqqtpqgygcyifghnlyudbqftttylastvab",3.35544e+07,3.35544e+07,12856,1,1,1,1,1,1,1,1,1, 71
"[44]rupqwovqoqyyvlpspqgotqlpppdqsqxuttttypastvab",2048,2048.54,41854,1,1,0,1,0,1,1,0,0, 72
"[77]taaaaaaaaaaaaaaaaaaaaaaaaaaaaaaaaaaaaaaaaaaaaaaaaaaaaaaaaaaaaaaaaaaaaaaaaaaaa",1,1.94,4,0,0,0,0,0,0,0,0,0, 73
"[45]rzkmsiopqfqyqspnzltpykaqzowqsirvpgqktttyjyvab",65536,65536.6,28587,1,1,1,1,1,1,1,0,0, 74
"[52]qrzsgpwtdqeplisqpnnqpxvdnpttmttoqnoigpqfttttyknstyab",65536,65536.8,30659,1,1,0,1,1,0,0,1,1, 75
"[52]plrzqvfpqqdfpuqkplpwgxqfpqypmspegllgwntqqyttttydyynb",2.09715e+06,2.09715e+06,28756,1,1,1,1,1,1,1,0,1, 76
"[49]rizrvpghccputejoqxtttmosnqdttteypqlyfpqqyqvsvscab",16384,1024.76,23080,1,1,0,1,1,1,0,1,0, 77
"[48]ruqovqpoqlppglcgptnrqxqumfroqitgoqzttydysttvuwja",65536,32768.6,21747,1,1,1,1,1,1,1,0,0, 78
"[53]rzhvfaqmwnmncokpgqpliqbpiqyghnqtqpqllnqvuttttymrsvdab",4096,1024.64,33605,1,0,1,1,1,0,1,0,0, 79
"[53]ruqdvpgkpqpncggpdmwqiqepuitflqqmpnlqlcnqutyklstttvjab",8192,8192.74,32010,1,1,1,1,1,0,1,0,0, 8
"[103]iuqziwqkrprlnqvayftztibdjxbzvymttpirnpdxgpwvbnpklfvkjuqrvinppqbpelnqqppcqqfplpqqpqkeyotqtutywystttttvab",65536,65537,28241,1,1,1,1,1,1,1,0,0, 80
"[52]rzpoqnoqspyggpqvygcgqfdfvqypnklyqoqcqosuttttymyevyab",65536,65536.7,27344,1,1,1,1,1,1,1,0,0, 81
"[52]ruprvgsqxoeqzpfqnyiphpvfoqwqtioqjpqeppqnutttyonstvab",16384,16384.7,34406,1,1,0,1,1,1,1,0,0, 82
"[44]rquvjhpfllrqgxpoigqgiyhxhpntntqftpqltyfasyab",65536,65536.6,26359,1,1,1,1,1,1,1,0,0, 83
"[53]rzkpnvupqjyhxtpvqpspjlnqpqmtptitnqzlqgqjpttydhstttvab",65536,65536.7,24207,1,1,1,1,1,1,1,0,0, 84
"[46]rzygvgiixfuxwquowbqqqutpfndnqtppiqltyvhsttvqab",65536,65536.6,18815,1,1,1,1,1,1,1,0,0, 85
"[44]ruvugifpqoodygqeuopjpgttqpqpoqepptttyvcstvab",65536,65536.6,16461,1,1,1,1,1,1,1,0,0, 86
"[54]rzqpuvgbytqvjxqooregbqtgzhptlntppqvtqutfyttpltyzjstvab",65536,65536.6,26273,1,1,1,1,1,1,1,0,0, 87
"[48]ruwucvwhuqwpvifvyonupqypwlknpgieqvqsxuttttymyvkb",16384,16384.6,29399,1,1,0,1,1,1,1,0,0, 88
"[51]rpkzzhvjzhudzyqpgyeppvqhttpgpstqtpepfwnliqntydsvemb",3.35544e+07,3.35544e+07,12274,1,1,1,1,1,1,1,1,1, 89
"[54]ruwqrvpfneqtoqydzcgqpqfkpplgdqhoqpmnlfqfqquttypmsttvab",16384,16384.7,32830,1,1,0,1,1,1,1,0,0, 9
"[48]rzavuttpiqmfftptidtptgqilwgmtnpqqqjfxnltylqivfzb",3.35544e+07,1.67772e+07,20136,1,1,1,1,1,1,1,1,1, 90
"[49]ruvebhwnfuqdelleornsqpitpwqlzpndnqzqztttyerstvrab",8.38861e+06,524289,17518,1,1,0,1,1,1,1,1,1, 91
"[52]rupqwtheqhgetaoquppqupppolnvqpqlfoqwqzpqhttetywbsvab",65536,16384.7,34035,1,1,1,1,1,1,1,0,0, 92
"[44]rmpvqgoqppryltqmpgqpflmnhpzzqqqhttttyoxstvab",16384,2048.58,40048,1,1,0,1,1,1,1,0,0, 93
"[53]xrewuzmqfotpnrqyspyjiqprqpphgbqmovqspjquuttttyuyezvab",65536,16384.7,29907,1,1,1,1,1,1,1,0,0, 94
"[54]rnruzppuqplqtppjqkqroqpnlqplpzqcqqpgpvltnquttyepsttvab",65536,65536.7,30995,1,1,1,1,1,1,1,0,0, 95
"[50]jurznvuflkpuopgeqtpqzponhlqqreupmtttfyivstttvufuab",8192,8192.68,17520,1,1,1,1,1,0,1,0,0, 96
"[52]eirupwqdqkyhbfklovqyluplpxglnqzqbsyxwfquuttttyjazvab",16384,16384.6,28576,1,1,0,1,1,1,1,0,0, 97
"[45]rzpvptqfpoqpqpoqrsogpqgqdpglnquttttyhztvzdqby",65536,65536.6,33068,1,1,1,1,1,1,1,0,0, 98
"[48]muyffqnrqwpwvdphzapkbvqupqepslnpdqqmsuttttyezvwb",16384,16384.6,30524,1,1,0,1,1,1,1,0,0, 99
