genome,merit,merit_given,gen,path_tiles_visited,moves_off_path,map_idx, seed
"[88]mgblmHLttINSccbDLBvwHPcNfebeieeLRKNCRbqPkOBOnGsENcJPIAJlJDueuatDRFkQbqPbKjjeKFwSDIMJRauu",4.25353e+37,6.49037e+32,80,126,1,1, 1
"[89]qygzSbHyutOIfMucdLBbwHPcNjebaLaeLRKNCRbqPyOaOeGsEQcjPIAJlJDFgueGgLniQqqhCGIueKbONnmMeCPdu",1.06338e+37,6.49037e+32,70,124,1,1, 10
"[91]qrgzyzyHutlIysMbcsrLBwwHPipjlbaiaeLRKNCRbqPkhwcPnyEvPGPIAJlJDugxuPDmLCLexqybzjuqKbNNDnMJFdu",8.50706e+37,1.03846e+34,98,128,2,1, 100
"[86]GbgzcIHstFxNlcDuSBwwHpcijebaiaeLRKNCRbqPfhOdMjEtPGPIJLJDAFkdjxkLkxkwbPuxKwnzAgxMDvAhqy",4.25353e+37,5.1923e+33,194,127,2,1, 101
"[83]qygzibHMtOINScmLBwHPcGEebaiajLRKNCRbqoOwOnGsEzcPIAJlJDmguaKSOMPQPqimKjuhbwEDoMJMxdu",2.12676e+37,1.03846e+34,78,125,1,3, 102
"[88]qygzSbHuwOIBcyudLBwwHPuNjebaiayLRKNCRbqPeOwFoGsExQlPIAJJDNzuaBDKkkHqqKbKjueKbbNDDsqIKxAu",2.07692e+34,1.03846e+34,64,115,1,1, 103
"[86]qyggcdHutItNScyuLBwlHPjNjebaiaeLRKNCRbqPEOPdvmEnaPIAJlJDMFtahFDCkQqpPjKjqCubwbDmHJhyAk",2.12676e+37,6.49037e+32,85,127,3,3, 104
"[86]qygoSbHoGeyINSlGuLBbwHPcNjmbaiaeLRKNCReqPpEwPGmExcaPIJJDugrnFqfLkQqyPiKjuLwkwNDDgwvxdl",8.50706e+37,6.49037e+32,114,127,1,3, 105
"[88]cyizSbRvtvIDSccyuLBwwHPcNRAbaiaeLRKNCRbqPnOwOpGsExcFPIAJJDuvqBGDKLkQqqxbKjAKKbwNDOLhxARu",4.25353e+37,3.24519e+32,63,128,3,1, 106
"[87]pypzabHrPIINScccuFLBwHPBjefaiafLRKNCRbqPkFobeGsEQcvPIfJnJDvdfadlKLqtqQrsjkBrlGLDmKHhxdN",1.32923e+36,1.03846e+34,162,121,1,1, 107
"[86]qygzbHuINKccfuLBwtHPcsjebaiaeLRKNCRbqPkQwOnGiEpcGPIxJlJDugsdGiKLkQeqAbtjuCkuwDDzMMnxHk",4.25353e+37,1.03846e+34,63,126,1,1, 108
"[87]qygzSvvutOIPLcltjLBwHPcNjebejheLRKNCRqPbOwOajsEucoGPIJlJDunuaGDwLqQqNBdKxuejnJwNaMDGxOu",8.50706e+37,5.1923e+33,108,128,2,1, 109
"[89]qygzSbHatOINSccyuLBwwHPcNjebaiaeLRKNCRcqPkOwOuGsExcdPIAJlJDOguaGDKLkQqqPbKjueKbwNQmMJhNdN",1.62259e+32,1.62259e+32,14,111,4,2, 11
"[89]qogzebHuPwIEySccyuLBwwHPcqjebaiaeLRKNCRbqPkPGQcGsExcPIAJAJDuGuGjAwLSQvOAbGjOeeDjNDlDrhodI",6.64614e+35,1.03846e+34,60,120,1,1, 110
"[88]zogsBujHLcRJkPicdoLBwHPfpeaoiaeLRKNCRbqPbttAPsrEOPGPIrJJDmngKMPhvvQMtLGrlfiNzjHLdONJHsxq",1.06338e+37,5.1923e+33,287,124,1,1, 111
"[86]syecBHukmINSFmdyxGLBtHPrajegyiaeLRKNCRbqPkowNcGExccPIAJLJDGuuowFhhkcqsbKjtyPtBjyMglJdm",4.25353e+37,5.1923e+33,146,127,2,3, 112
"[88]qygzSbHtOINlccNuLBwwHPcyjebaiaeLRKNCObqPkOwOuEsEpcGPIAJtJDuguhjDKLkQqqALKjFeKpwNDmPJhxdu",1.29807e+33,1.62259e+32,33,128,18,1, 113
"[86]cMogMbHnOINSxcyALBwHPcNjeaiOdeLRKNCRbqPkObOeGmExzRPIAJlJDJguLpDvLkxpcPbLjrcKvdNxrJhfdp",4.25353e+37,1.03846e+34,122,127,2,3, 114
"[87]gNbeeHjIeDiNmcmIsBbuHPcskekpiayLRKNCRdqPeQjlwQiEaPGPILJJDpuhOmPizGhoCnknkviDGpGqFGMOdQE",8.50706e+37,5.1923e+33,376,128,2,1, 115
"[89]qEgPiSbHuuOIrlcpAGLcwwHNcNjeNomaeLRKNCRbqPkOLuPGsExrcPIAJJDubuaGPzmJQbuPsiFuwqjFHDmMxhxdb",5.31691e+36,6.49037e+32,93,123,1,3, 116
"[88]qygzSbxHutOINSFquLBwwHPcNjebaiabLRKNCRbqPkOwOuGsExcGPIAJLJDuKuaGDKLkQqPQKjHBKbwNDbMJhxdu",3.24519e+32,1.01412e+31,16,111,3,2, 117
"[85]pjgbbHutOIAdfPyuLBwwHPcNjecaRaeLRKNCObqPaOpuNsERPGPIJlJDgguaGDQJsQqPAKGJLcbwNelIJqjaf",4.25353e+37,1.03846e+34,101,127,2,3, 118
"[91]rxgzSuxHuutOINJnOhpLBwwHPcgjebkjafLRKNCRbqlohPduOsExoGPIzJlJDDgpaSyrMklQbPbKJplKSwNDAJJIxdu",4.25353e+37,6.49037e+32,96,126,1,1, 119
"[86]sNiMByHMubRIpEpnEuLBuHPcqyeeNjfeLRKNCRbqPeNdhPGEpcioIJcJDhpFsqorHcbQuqFrEPOqmQcQQffmxe",8.50706e+37,1.03846e+34,288,128,2,1, 12
"[90]qygoSbHutOgINSccyzLBwwHecPjeNdiaeLRKNCRbqPkOznGjEQcHPIAJlJDugdoGDKLkQqLshKyCueKboNDqMJAxdu",8.50706e+37,6.49037e+32,68,127,1,1, 120
"[84]DygzSqHEROINScygLBnsHPclpnbiaeLRKNCRbqPcOzOpGxEjcPIAJxJDQHawDKLQqqRbLjueKmCNDmMohedu",4.25353e+37,6.49037e+32,68,127,2,3, 121
"[88]qwgzSbHuNOIQSccuLBwwHPcKjebaijbLRKNCRbqPbObsoGiExcxPIAJxJDMguatDKLkhMqjbJDueHOknNDmMJxdu",8.30767e+34,1.03846e+34,69,117,1,3, 122
"[89]qygzSbHutOINSccocLBwwHPcNjebafaeLRKNCRbqPkOiOQGsExcdPIAJlJDuIuadDKLmQKqkbKjueKfwNDmMJhxdu",8.50706e+37,6.49037e+32,37,128,2,1, 123
"[91]PdtdOkyntycNccfuLBwwHPcvPzbQaMBeLRKNCRbqPkewOnGaEucaPIdJlJDFuDuDGDsgHQBLhcKucHDbfILmQGyohxO",1.06338e+37,5.1923e+33,103,124,1,3, 124
"[88]xrAbtHMfvBINQMlnLBwHRcLePkaEaeLRcKNCRbqocORcuycExPGPIJlJDtukODBmltQKMtyrdjAwPHHkcFNLMcmu",8.50706e+37,1.03846e+34,315,128,2,1, 125
"[87]qygwwiSOHlbSINSccyLBwwHzcNjnbaiaeLRKNCRbqPkdOoGsEPcxPIJlJDzlbqGQcpHnqqCiKjbOLmoNDHMMxdd",6.64614e+35,1.03846e+34,116,120,1,3, 126
"[87]rOgzSbwuhOIMRccfuLBwHPcSjbLiaeLRKNCRbqPdOwblEspxoGPIAJlJDiguaEOKLjhJqLeSPuKIbyNampJhEdc",5.31691e+36,5.1923e+33,103,124,2,1, 127
"[89]dgzDsHxzutOINScAyuLBwwHPcQgebaiaeLRKNCRbqOpNQONGsEezPIAJnJDufuaGDKgkrgqnbKjueHjBODeMRcldN",4.25353e+37,1.03846e+34,82,126,1,3, 128
"[90]NygzybHutOINScchuLBwwHPcNrebaifrLRKNCRbqPkOwOndsEpcGPIwJlJDmgqaGAKLkQegsbKjuBKawFDmhMEhfdu",1.06338e+37,6.49037e+32,49,124,1,1, 129
"[85]PiShLEHadhGIDchAzjLBsHPwyjrPmPjALOKNCRcqQrwlwPGEwcPIAJJDIfIMmpyxLNjzFIfmeJoAdlvJnyOIb",8.50706e+37,1.03846e+34,339,128,2,1, 13
"[86]qygzSHufvuopkwcOuLBixHPbNjeaiayLRKNCRbqPkcOufdEMPGoIaJJDDJrsADKGGMqQvKjuNebwEDmMShhpdB",4.25353e+37,5.1923e+33,112,126,1,1, 130
"[88]EygzzbHutOINSOcBuLBwwHzcNjebaiaeLRKNCRbqPkOwOoGsExcPIAJlJDuguaGSKLkQhqPbKjueKbFDDmMohxdu",8.30767e+34,6.49037e+32,45,117,1,1, 131
"[89]qygzSbHuROInSccyuLBwwHPcNjebaiaeLRKNCRbqPkOwOccsExccPIAJlJDuquRGzIIJQiqJaKjueDbcNDmMJhxdu",1.32923e+36,1.62259e+32,49,127,7,3, 132
"[89]qygzSEHutOINSdcDuLBwuHPcNjebaiaeLRKNCRbqPkOwOaGsExcLPIAJlJDuguaGDKLoxqJPbDjueKbwNDmMJhxdu",1.03846e+34,2.02824e+31,27,114,1,3, 133
"[92]qykAzjbHPetvINhcFcyuLBwwHPcNjebziaeLRKNCRbqPwOwOaGlEscePIsJlJDnguaGDPLLtqqPbljuejbwNDPMJhxdu",5.31691e+36,3.24519e+32,58,123,1,3, 134
"[90]qxygzSbHuFxIrSoccQLLBwwHPcqjebaieLRKNCRbqPkOROoGsExcPIzJlJDqrPaHDKLkAQqRcbKjueKbwNPmHjnxdM",4.25353e+37,1.03846e+34,59,127,2,3, 135
"[88]yyBSbHPtnOIoqbcauLBOwHPcNjlbaiaLRKNCRbqPbOwdoGsExcmPIAJlJDugLaGDbqmQqjyxFjueKbwcnfmnhxdu",5.31691e+36,1.03846e+34,93,123,1,1, 136
"[91]rygzSvHIBODpAFcGjLBvwHPcpjePaiaeLRKNCRbqPswtaPhFEacPGPIFJyJDtCuyPDKLQQNqPnKjuASmkwNDCxfhKRe",8.50706e+37,1.03846e+34,121,128,2,1, 137
"[85]qdguhfHStclIswxLPuLBgwHPfeiebajaeLRKNCRbqPfGQHEEuoGPIJJDugxvHDnExuoFPEsrqreKGENNvjnOl",1.70141e+38,1.03846e+34,216,128,1,1, 138
"[84]QatywBHHuAjEOQvRuNALBwwHPNcebaiaeLRKNCRbqPbkctEoGPIJltJDuKuMFJKBkQrhbDieGNkwkSMjhndL",5.31691e+36,5.1923e+33,175,127,5,1, 139
"[88]tygihbHutrIwSlcLLLBwHPbCjefciaeLRKNCRbqPktlOaGsExcOPIjJlJDuHcoGDHIHQqqPbbMueKbwmHOMJhqdu",5.31691e+36,5.1923e+33,94,123,1,1, 14
"[90]qygzSbHufOINScRyuLBwwHPcdjemaiayLRKNCRbqPGOzOeGsExccPIAJJDEgwuaGtKEkpiqtbJKukFKbwNDmpzvxdu",8.50706e+37,1.03846e+34,72,127,1,3, 140
"[89]qsgzSfuPmnoSCcFPLBwvHPcmjhbakmeLRKNCRbqPDRFwOpGeExcfPIAJJDhOqalDvLkQgrpmdKjQsJtwKDmMJswdu",2.12676e+37,4.25353e+37,105,126,2,3, 141
"[88]eExzgMHutlIhNiaPrLBtwHPcyhebaiheLRKNCRbqPcvpcuevEoGPIvJLJDIHgGgkDCxexxLnbbteEewQDqxxOfbE",8.50706e+37,1.03846e+34,179,127,1,3, 142
"[87]gygzdbHEtOIGGccmuLBwHPcNjibaiaeLRKNCRbqPkOwOujsErPGPIAJlJDsFuaGvKLkDqPLCvjuetSwNzmHJnxd",2.12676e+37,6.49037e+32,58,125,1,1, 143
"[88]zygzybHQutOINPPbuLBAwHPcNjebziaeLRKNCRbqnkuwcPevEpcxPIJsJDuyQaCcJDbtQmuPrKKevnckjMinSkvg",2.65846e+36,1.03846e+34,142,128,7,1, 144
"[87]lOgzebHFOINhszRuLBwwHPcNjebaiacLRKNCRbqPksOeGsExmfPIAJlJDuIuaGDdLEQnjPbGjmeKLwNDmEbtCrx",4.25353e+37,1.62259e+32,64,127,2,3, 145
"[89]qygzSbHtOINCccmyuLBwwHPeNjfbaiaeLRKNCRbqPchwNdtsExctPIAJlJDuguaBqqLkQBqPbKlueKbgeDmrJhSdi",2.12676e+37,1.62259e+32,49,127,3,3, 146
"[92]qyHhznMyOkazRFccIpuLBubwHdkNjObpioeLRKNCRaqbMOEuuncEaoGPIJuJDtneqDLxvBsoNPbKdGuQBpDNpmqMRodp",8.50706e+37,1.03846e+34,197,128,2,1, 147
"[90]qygzCbEdtOINSMcyuLBwwHPcjjjjaiaeLRKNCRbqPtNwOpGsExccPIAJjJDugsaGDrLkQqqMzKjuBeKDwNDmMJhxdu",1.06338e+37,5.1923e+33,51,125,2,3, 148
"[87]qgzSbHxuOINSccyuLBwwHPcNjebaiaeLRKNCRbqPkOwOubsExcPIAJlJDuguaGDKSkQqqPbKjueKHwNDmMJhxdu",3.24519e+32,1.62259e+32,22,127,19,3, 149
"[88]qguSbGutOdNMSccyuLBwwHPcNebaiaeLRKNCRbqPkOwluysExPGPIeJlJDuguaHDKRkQtIPbKouehbnNDmMRhxJu",2.59615e+33,5.1923e+33,34,112,1,1, 15
"[86]ygzSbHuBOINvSyuLBwAHPcMdebaiaeLRKNCRcbqPjyOrQsExoGPIJlJDzgundSKLCQqgPbvrueKbSPNhyMqhxd",2.12676e+37,1.03846e+34,95,125,1,3, 150
"[91]lygzwbHutOINFSRcyuLBwtHCcNjhbaiaeLRKNCRbqPkObQaGsENbGPIzJlJDuKuaGDKLkQqqCMKjueKbwurmMJhxlDu",8.50706e+37,6.49037e+32,47,128,2,1, 151
"[88]qygSbHutOINSccyuLBlwHPcNjebaiaeLRKNCRbqPkxwOuGsExcaPIAJlJDuguaixKLIQqqPbKjuuKbwNDmMJhxdu",3.24519e+32,2.02824e+31,16,111,3,2, 152
"[89]qyeiSbHhtOIzBQcekLBkwHPcNjebaifeLRKNCRbqPNOlOeGsExcPIJlJDuOuLNDwpkQDqhPOtlMvbwNtyMAeIieMu",4.25353e+37,2.59615e+33,121,127,2,3, 153
"[91]qygDSbHpvOIeiccyuLBwwHPRmjmliaieLRKNCRbqPkxnOnGsEEcfPIoAJlJDuguJGDKLkQqqPbAwepKPbDNASjkhLtr",4.25353e+37,1.03846e+34,79,126,1,3, 154
"[90]igzOOSHhpdoIjnwwLBywHPpNmbbeiarLRKNCRbqPeArthRyzEaoGPIAJrJDBggClvwEgeLgqzOyJSgNgjJimsJhFLu",8.50706e+37,6.49037e+32,218,127,1,3, 155
"[91]qygFmeHwvOeNSpDyLLBwwHPcojebAjijrLRKNCRbqPeawOoGsExcPIAJlJDuguxGcOxLMcQSqobPlAyibgNDnBJSNdH",1.62259e+32,5.1923e+33,84,108,1,2, 156
"[89]qygzCbHizgPvNGEibdLBwwHPcNgebaiaeLRKNCRbqPkQwOpGaExNGPIJMJDuLuaGDKfQsqPbpcuCKaJNDLMJJxdQu",4.25353e+37,3.24519e+32,94,127,2,1, 157
"[89]qagczHupOIgAScpyuLBwwHpcNnebaiaeLRKNCRbqPwOkcPGsExcPIAJFJDuglkEDvikBpqbPDtquNKbwNJhNJwxdu",8.50706e+37,6.49037e+32,91,127,1,1, 158
"[86]qygzSmHtzINiskuLBwwHPctjebriAeLRKNCRbqPkOMOnGENcGPInJlJDuhuaQDKLkQqHPbKjuxobwNjmMJAxdu",2.65846e+36,1.03846e+34,57,122,1,3, 159
"[88]qeLgzSBHOtSOIrDcynLBvwHacNjebMiaeLRKNCRbqPkANcGsExccPIFJlJDNaRaGkrsmrwDRKGueyeHhDmCdsxRu",2.12676e+37,1.62259e+32,98,125,1,3, 16
"[91]qygzSbHutOIgbdcFuLBwxHPailjmjfmaeLRKNCRbqxklPLPGtExuPIAJlJDuguaSRDKLeQqoPbKLQeKbsnDmcJxaxdQ",8.50706e+37,1.03846e+34,80,128,2,1, 160
"[87]eobweMmywtOvpNbGLiALBwHPfujekeiaeLRKNCRbqPOzwhebExoGPIJJDJHOcyoCShrtAPsOueslNllJaSRembN",4.25353e+37,1.62259e+32,227,127,2,1, 161
"[89]MygzSbHaGkINScBPuLBwwHPcNjebaiaeLRKNCRbqPkOwOeGsExcePIAJlJDxguaSDKLkcqqbicjueKbwNDmMehxdu",1.03846e+34,4.05648e+31,39,115,2,0, 162
"[89]qDygzSLHutMsaccIuLBwwHNcgjebRideLRKNCRbqPkNsOdGsEPcFPIbJJDDguawxkQEGQqasbBjuejRwNEdMuxxdm",2.65846e+36,3.24519e+32,88,122,1,3, 163
"[90]qygzxbsutOfNSccyuLBwAHPcNQebHmaeLRKNCRbqPkOoONGjERcFPIAJlJDugdaGDKLkQqqPbKGueSbwNDFMJhxjdG",3.24519e+32,5.1923e+33,52,109,1,3, 164
"[87]qygzSbHuoOINSccyuLBwwHPcNjebaiaeLRKNCRbqGkOwOuGsExcGPIAJlJDuJuaGDKLqqPbKjueKbwNDmMJhxdu",1.44115e+17,65,5,83,26,0, 165
"[89]qygrSbHviOINSncefLBwwHPcujepaiaeLRKNCRbqPuOwRafsExoGPIAJlJDGdLaFRKLkQfqPbCDusobQkDbwJhxIz",2.65846e+36,1.03846e+34,66,122,1,3, 166
"[87]qygzSbHutOIMiccyuLBwHPcNjebaiaeLRKNCRbqPkNwOcGyExQGPIAJlJDuKuaGDooNQqqfbGjuehhnNDmMhxdu",1.03846e+34,1.62259e+32,46,114,1,3, 167
"[88]qMEpLdgmzCONzkGRcynLBxwHlPcGPPbimeLRKNCRbqbQOjOusExMGPIJgJDMduaKDdpDeeSazKeNrQuwNEBMjydP",4.25353e+37,5.1923e+33,170,127,2,1, 168
"[89]qygzSbHutOINSccyuLBwwHPcNjebfiaeLRKNCRbqPkOBOuGsExcGPIAJlJDuguaGDKInQqqPbKjueKbgNDmMehxdu",3.24519e+32,5.0706e+30,15,111,3,2, 169
"[82]qygzDIHuOINScnSuLBwjHPgbeeaiaeLRKNCRbqPFPuPlExoGPIAJlJDubunGwKLfqtPjfuwubjNDtJhxDP",4.25353e+37,6.49037e+32,88,126,1,3, 17
"[92]FygzSbHADbINiccFuLBxHPcsjoyaQarLRKNCRbqvLeuONGsExsuPIJvcJvDDusQlAvDsGkQCcsFbrrIuOvFAabglRklu",1.06338e+37,1.03846e+34,177,124,1,1, 170
"[91]qygzSsHutOIgSEcyuLBtjHPcNjebgiaeLRKNCRfqPkOwOaGsExcOPIAJlJDBGuaGDuLDQqqPbKjkeKbwNDSatmhzxFu",2.65846e+36,3.24519e+32,74,122,1,1, 171
"[88]qycfAbHRjINSbcyuLBwwHPcNjebaiajLRKNCRbqPAMfOeGtEPcGPIAJlJDKghoGDKFkQqqPsKjleuPuvqDMJgxdr",2.12676e+37,1.62259e+32,61,128,4,1, 172
"[91]qygMBHAttOIrNzcmhegDLBwAHCcQRrRahaeLRKNCReqPelpcxdlEePGPIrJJDAEpaGkRvkQsyqxRqqdablLpbIOwxau",8.50706e+37,1.03846e+34,213,127,1,3, 173
"[87]qgzSfHitOISNccsuLBwwHzcNjobaiaeLRKNCObqPcOjdnGAEucPIAJJDmgyaGwjKRfMLcPEKHLLnbKoKjMMhjRM",6.64614e+35,6.49037e+32,113,120,1,3, 174
"[89]oygzSjgOzOIbctHyMLBwjHPcNBbbahaeLRKNCRfqPfOowoGsEjfuPIaJlJDuQuamRKLkQmqPAKjueKekvDzMJhxdu",2.12676e+37,5.1923e+33,85,127,3,3, 175
"[89]mygzSbHutOINSccyuLBwwHPcNjebaiaeLRKNCRbqPkOoOpGGExcGPIMJlJDuguanDKRkdqwPbKjxeKbwNDmMJhxdv",6.49037e+32,1.62259e+32,30,110,1,3, 176
"[85]qyuAtjHkhIcwBxlbdLBwHPmzjPeakMeLRKNCObqNQouPwEFoGPIfJJDNzOuSPwFupBufqzRcyhJCINDtvJbqi",8.50706e+37,1.03846e+34,323,127,1,1, 177
"[85]ggzixHntINSccyLBwwHPcNjebaiaeLRKNCRbqPkfwPbGsExcLPIJcJDugurjjlKkQqDxbKjherbwdDfEahaJa",2.12676e+37,1.03846e+34,96,125,1,1, 178
"[89]qygzSbHutOINSccyuLBwwHPcNjebaiaeLRKNCRbqPkOwOuGnExcGPIAJlJDuguaGDKLkQqqPbKjueKbwNDmMJhxdu",512,3.16913e+29,2,10,1,1, 179
"[87]qgzMbHutOINSSNyQLBbsHPcSjebaiaeLRKNCObqPkNyOaGsExpmPIyJJDujtbGDKxkQqqPbKjuzBswcDeLxhtxu",2.65846e+36,1.62259e+32,125,122,1,1, 18
"[88]qxgzSvHqROINsecyuLBwwHPbrjebagaLRKNCRbqPkNeHnGsExMcsmPIJlJDoRtDGIyxkcFqwgvuevgwBwlMJhILu",8.50706e+37,1.03846e+34,114,127,1,1, 180
"[84]NygbvbzRuxwINyccuLBwHPcNjbhEaeLRKNCRbqPnOcOoGExcPIAJlJDFuaGwKLkQjAHbKxuKhozIDzdJdxtf",5.31691e+36,5.1923e+33,84,124,2,3, 181
"[88]bGgzSbHqtOINScnAyuLBwwHPcNjebaiaeLRKNCRbqPEOctNHExcGPIAJlJDugqaGDQMkKlqPbKjuKKlwNDmJhzdA",8.30767e+34,1.29807e+33,55,117,1,3, 182
"[79]lygrSbHuILPKtLBwHPctjebaiaeLRKNCRbqtepcDiEecaPIJhJDuhLfrmQkQDqpbucjcswhGjJfaJle",2.12676e+37,8.30767e+34,235,128,4,1, 183
"[87]qygvSzHqOINSctyAQLBtwHPcNjpbawaeLRKNCRqPknGNunsEtcvPIsJlJDuKuEGDKQHqePbKjNymfwmDtlQhsNh",1.06338e+37,1.03846e+34,108,124,1,3, 184
"[90]ilgASbHutjIpQoCRuLBwwHOcNjbaiaeLRKfNCRbqPkwatoksEycPGPIeJlJDmaHJMfyOdatqPwgeuSaANvogRPCxlg",8.50706e+37,1.03846e+34,99,127,1,1, 185
"[88]vxygzsbHtuxIPFquyuLBbwHPcNjecaiaeLRKNCRbqPOwOaGfEoGPIAJyJDvhGabDHQeQqDMnKrPeKbwNDACnhxsu",2.65846e+36,1.29807e+33,86,122,1,1, 186
"[86]qygiSHuAOINSccyuLBwHPcNjebaiamLRKNCRbqPkdwdoGsENcGPIAJlJDusuaDKLGaQqqzbKjueKbwNDmkhxDu",2.65846e+36,1.62259e+32,55,122,1,3, 187
"[89]qygzSbHutOINSccyuLBwwHPcNjebaiaeLRKNCRbqPkOwOuGsExcGPIAJAJDuguaGDglhQqqPbKzueKbwNDmMJhFdu",1.29807e+33,4.05648e+31,20,111,1,2, 188
"[90]qygzSdHssOIsSccyulLBrwHPcNjebkiaeLRKNCRbqPkjwOeGsEocvPIAJlJDuguaGDKLqQqEPbKjuembwNBmMchxdu",1.32923e+36,1.62259e+32,46,121,1,3, 189
"[87]qygzSbHbtOINSccyuLBwwHPcieebrCaeLRKNCRbqPkOwpubExPGPIAJlJDxuuaGRlLkQqPnKRueKwNDzMezhGwu",8.50706e+37,1.03846e+34,51,127,1,1, 19
"[89]qngzSqHtpOFINtccuLBmwHPcDdebaiaeLRKNCRbqPkOwOupOEeoGPIAJlJDugGadKKMPQpqPqKjueubwPmMJGhCqu",4.15384e+34,6.49037e+32,64,116,1,1, 190
"[85]qygzSbHxtOIFSxohuLBhwHPlzjdbpMaeLRKNCRbqPdOfuoxEoGPIJlJDuguaKdfwFRkyPbKuhKbpdDmMPCupO",8.50706e+37,1.03846e+34,125,127,1,1, 191
"[86]qyBSbHQyOINSbyzLBwpPcHjebaiaeLRKNCRbqPsOjzPGsExcNPIsJlJDuguaGoKNkiEqPqKjuepCwNQDmCJedu",5.31691e+36,1.03846e+34,89,123,1,3, 192
"[88]xygDlSbHSOIGPcczPOLBwiHPcxjebaihyLRKNCRbqmdOwynGxExwPIAJJDygraGDKIkQwudbKjuycLOwzwexLLju",8.50706e+37,1.03846e+34,119,127,1,1, 193
"[86]gSRechHQyIGvaNHnlLBwwHQQQjebOkaeLRKNCRbqQcDpuNgExcPGPIJJDQenJMaOKzvHOriBhPSoaeDOyQACou",1.70141e+38,1.03846e+34,340,128,1,1, 194
"[85]RygSsHonOwIqlcygLBwwHPcepbaiaeLRKNCRbqwbOgxPGcExczPIzJJDkgmwGGDxLkQDFSEDjpeFwNmIJtJAu",2.12676e+37,1.03846e+34,133,125,1,3, 195
"[84]qygwAqHuOInvjytLBwHPcNopbfmaeLRKNCObqPbOpepSExPGPIyJkJDuOhaznKLDJDyPsjuepbxpDmbJtxNy",2.12676e+37,6.49037e+32,135,125,1,3, 196
"[86]qgzSbHapuIeyccHuLBwwHPcDjebaiaaLRKNCRbqPdOwoGsExcPInJlJDKnuaizKLbkFqPbMpuePbsLIiMgOfdt",4.25353e+37,1.03846e+34,102,126,1,1, 197
"[86]qPgzSEHutkINAcyuLBwwHPcojBbaieeLRKNCRqPkOQOQGsExNGPIAJlJDuguahHrvkyqiPbsjuFbwNomAnrklu",8.30767e+34,6.49037e+32,43,117,1,3, 198
"[86]aylzbHihOQNsNiLhbjILBwwHccNeebmiaeLRKNCRqPpmwuNsExoGPIeJJDBgKOCDgxtjqgPELbuicbNsMrhuwB",2.12676e+37,6.49037e+32,162,125,1,3, 199
"[87]qdgExHorRINSLonLBFwHPcIjelaOaeLRKNCRbqPblQBnsExoGPIxJbJDpjuaQeKLctPNkLvtCKCIvxmDKnOFwSu",4.25353e+37,1.03846e+34,152,126,1,1, 2
"[87]qfgzSbmutMBIfSlcgbLBbwHPdkjQnkikeLRKNCRdqPcwOxNsEoGPIAJFJDugeauDfLkxqPicjuevpwNKdIhhDdi",4.25353e+37,5.1923e+33,108,127,2,1, 20
"[91]NygzQlFHcQgOIDccyuLBwiHPcNjepaiaeLRKNCRbqPkOnxucxExoGPImJmJDgodDxrJyvpnIdKjxOeHinEDkdasmxdu",8.50706e+37,1.03846e+34,119,127,1,1, 200
"[88]qygzSuHNctOINSPcyuLBwiHPcCjebaiaeLRKNCRbqAkdOpGsExFFPIkJdJDIfaGDwskJjcPLJjuQalrNDMMJhxJu",4.25353e+37,1.03846e+34,88,127,2,3, 21
"[90]RCgzSadmMONPSccytLBwwHPcSjpbaiaeLRKNCRbqPkohpursExnoGPIAJlJDugNIGEBaFqqOOnPumKbdaDoQuhfdpu",1.06338e+37,5.1923e+33,85,124,1,3, 22
"[88]ofzSbHwtOINSccpuLBwwHPcNjebaiaeLRKNCRbqPxOQOudsExcfPIcJlJDuguaGDnwkcjqPsKjoeKvwNDmMJhxdu",2.65846e+36,8.11296e+31,37,128,7,1, 23
"[89]DcgzSbHtbAIpAvcysLBwwHPcNjebaiBeLRKNCRbqPkOoOujsEsPGPIFJFJDgubFGDKukQqSPbKigaSbwtDRMJhkto",8.50706e+37,1.03846e+34,70,127,1,1, 24
"[94]qygBSbwHAhtOINcmbulLBnwHkiRjabaiBaeLRKNCRbqLAcOwOeOMExoGPIJxJDHsbajJiLkmBkGMaKMIukbLoyrKhhxpdh",4.25353e+37,1.03846e+34,142,126,1,1, 25
"[89]qyoztfHutiINSANcwAuLBzwHPcNjebaiaeLRKNCRbqPdONuGsExccPIAJlJDSquLGRILkQqgPhKrnwKbNDkMJhxdr",1.03846e+34,1.62259e+32,78,114,1,0, 26
"[86]cgSOHuROIEScciwLBtwHocrebaiaeLRKNCRbqPkOMONsEvoGPItJRltJDugcRrDnyPqqPbzjuJdbwgGmeCbdeu",5.31691e+36,6.49037e+32,129,123,1,1, 27
"[90]quBrSmHutBIfSFcsrLBwwHPcNrebaiaeLRKNCRbqPkOFOohsExcbPIAJlJDIguaFhKeLRqqqbseGDKHwwDjmdbtxir",1.06338e+37,1.03846e+34,87,127,4,3, 28
"[88]qygzSbHutOINSccyuLBwwHPcNjebaiaeLRKNCRbqPkOwOuGsExcGPIAJlJDuguaGDKLkqqPbKjueKbwNDmMJhxdu",64,0,3,6,0,2, 29
"[89]qygSlHueOImSQvpPLBwHPScjrbMiaeLRKbNCRbqPkOrbucsExPGPIAJJDufSGGDHqSQqfLvbEjuenowKDioHhbBju",2.65846e+36,6.49037e+32,120,122,1,3, 3
"[86]qyAgQFBHfMINqccDPLBwHPckjhbaiadLRKNCRbqPOoREoGvEPoAPIJLJDwsjaksRDJcqPDeSFePCxpAnjJhedu",8.50706e+37,6.49037e+32,140,127,1,3, 30
"[95]fFgzSzHstOINgczyuuLBwwHPcapeNajagLRKNCRbqPkOwOupPsExoGPIkzAJlJDJguaGxKLQLoqPbzjuePtwFRmbRHJhxdz",1.06338e+37,6.49037e+32,59,124,1,1, 31
"[88]lRjzSbHutOIwvScyuLBwwHPcNjeaaiggLRKNCRbqPtOwxuhsExPGPIcJJDuluDGbKLkeIqcbKaHedlwksxDOhScu",4.25353e+37,5.1923e+33,88,126,1,1, 32
"[85]qyDSrbHutOINHacOuLBwHPcBjebaeaeLRKNCRbqPGwQesExfzPIAJlJDgOaEDRkRbbfPsKIuaGzvxxmMJgxjK",2.12676e+37,1.03846e+34,97,125,1,3, 33
"[90]wygzSHhytINaAyuLBwwHqccjebjifeLRKNCRbqPfOwOQGwEgcuPIAJJDvgyupLfKLkMNqhPrhuDueMbeONDAHhbqdH",1.70141e+38,1.03846e+34,89,128,1,1, 34
"[89]yygzSbHutOINSccyLBwwHPcGjebjiaeLRKNCRbqPkRwOuPsExPGPIAJliJDOguEGDKAkoaqHbKOueKbdNGmMJhxdu",2.07692e+34,1.03846e+34,37,115,1,3, 35
"[88]qygzSbHutOzINSccLuLBwwHPyjebaeiaeLRKNCRbqPkwONGsExctPIAJlJDuguqfFnLRQqqPbKuNKbgwDqnJhxdy",3.16913e+29,6.49037e+32,46,99,1,0, 36
"[89]qygzSbHutOINSccyuLBwwHPcNjebaiaeLRKNCRbqPkOwOuGsExcGPIAJlJDuguaGDKLkQqqPbtjueKbwNDmMJhxdu",1.62259e+32,5.0706e+30,10,111,4,2, 37
"[90]cigjbbpuOSfSccMzqLBjwHPpPjebaiaeLRKNCRbqPlAwOPGsExcecPIAJlJDuqnaGDwLaQpnPbKgurGPwiyKMJIxdu",1.06338e+37,3.24519e+32,119,124,1,3, 38
"[89]qwgPzSbHuxOISPcyuLckwHMcNjebaiaeLRKNCRbqvkAweiLmEaPGPIJgJDubuakBpLkQMqPbKluBwswfDfmMNbxdk",2.12676e+37,1.03846e+34,105,125,1,3, 39
"[87]qygSbHftOINSccyeLBwHPcNjbbpiaeLRKNCRfqPbOyMoGsEactPIAJJDuwLuGDmrQqqGgkSjuefbuNLmMJepxdu",8.50706e+37,1.03846e+34,71,127,1,1, 4
"[83]DcRtcLHtIzufaNRLBwwHPctmfbaiaeLRKNCRbqPOPuQNExvoGPIAJJDwQtCGDjLkyqlbSEubebHgmPphHtt",8.50706e+37,6.49037e+32,167,127,1,3, 40
"[89]qygzSbHutOINsccyuLBbwHPcxjebaiaeLRKNCRbqPknwOuGsExcGPIxJlJDuguaGDKLkQFqRbKjueKbMFDQMJhxds",8.30767e+34,2.02824e+31,30,117,1,3, 41
"[90]qygzSbHutOINSOcyQuLBwwHPcCjebaiaeLRKNCRbqPkOPOnGsExcGPIAJlJDuguauxKwkQqqibKjueRbpNDmMJhGdL",3.24519e+32,2.02824e+31,33,111,3,2, 42
"[88]qygzSbHutOINSccMuLBwvHPcNjebaiaeLRKNCRbqPkOwcussExRPIaJlJDuKuMGDKBkQqqPbKjuqKbwNCmMJhodu",1.06338e+37,1.01412e+31,24,127,4,3, 43
"[85]qygzSbHutONSsbBALBwwHpFjebaiaeLRKNCRbqPnNcOoGsEPGPIiJlJDkguBmgxLtDqNPjBueSbwLQySJyxMC",4.25353e+37,5.1923e+33,105,126,1,1, 44
"[90]qygvSbHutOIbNchyuLBbtHPPNjebmiaeLRKNCRbqPEQwOnGsExRcPIAJaJDuzuaSDKLkPqHqgbKjuwKbwNdmMJhxBu",8.50706e+37,6.49037e+32,42,127,1,1, 45
"[86]qygzSbHuNNINcFyuLBwrHPcNjeaiaeLRKNCRbqPhpwOnGsExcPIAJlJDuguoPiKPLmnqqPctjteKbwNcmGhxJu",1.29807e+33,3.24519e+32,36,111,1,0, 46
"[83]rnxdwmwguDilSEplwcLBtwHPcwjfbakfcLRKNCRdqoiOaCuuEPIJJDlriFPAstoBczojafBbAsLNywLdmJP",1.06338e+37,3.32307e+35,687,127,4,1, 47
"[88]RqygzwbHutjIGSccEtLBwwHPcNjefaifeLRKNCRbqokpwOeGsENkPIJlJDugSoPDKLzDqqDbSeuhBbwoDCMehxhu",2.07692e+34,1.62259e+32,94,115,1,1, 48
"[79]qylnpSbkuIGcueLBwwHPwRcLOadLRKNCRbqtzfDdNsEeoGPIAJJDuaRGOdcyirdGySqJbbrqtqbhHuu",4.25353e+37,5.1923e+33,212,128,3,1, 49
"[89]qygzSbHutOINSmcyoLBwwHPcNjebaiaeLRKNCRbqPkOwechsExccPIAJlJDRguaGDKLMQqqPbKjufpbwkDmMyhxdu",1.32923e+36,1.62259e+32,24,127,7,3, 5
"[89]qygzSbHutOINSccduLBwwHPcNjbbaiaeLRKNCRbqPkOwOuGsExcGPIAJlJDuguaGDKLkQqqPbqjueKbiCDmMJhxdu",5.0706e+30,5.0706e+30,17,103,1,2, 50
"[89]qygzSbHutOINSccyuLBwwHPcNjebaiaeLRKNCRbqPkOwOuGsExcGPIAJlJDuguaGEKLkQqqPbKjueKbwNDmMJxxdu",1.01412e+31,5.0706e+30,12,104,1,2, 51
"[87]qygzhnHbtAGAvdcyuLBOwHPcvjabdilLRKNCRbqPfOePGsExcodPIJJDucdaGJPuketKPbqjuRKoQNDJMnERLsu",4.25353e+37,5.1923e+33,145,126,1,1, 52
"[87]kQygHsAHrvoIImkeyfLBwygHPcGebRiaeLRKNCRbqRhOQeGLExcaPIJwJDigbHMQAdpviyPbxSSACsNvmQfRxdI",1.06338e+37,6.49037e+32,136,125,2,3, 53
"[84]qfgzbztnzPzrDolLBmwHPyNjebaiaeLRKNCRbqQQpOnGsExcxPIJlJDEswAKBKwRQqmhmsgouDpNaFbJuxdf",4.25353e+37,3.24519e+32,129,127,2,1, 54
"[88]qyzLlHuBOINSccyiLBbwHPcNjebaMaeLRKNCRbqpkOwccGsEQcGPIAJlJDuouJGFKikQpqPbKsueKbaNvmLJrfdA",5.1923e+33,1.62259e+32,60,113,1,3, 55
"[85]AdgzSbHaeIvSccwALcwwHNcSjQbaioeLRKNCRbqPAjwOgvEeMGPIhJJDDpoaRGvyLkvyMKbubvbwkgrJKhxdu",8.50706e+37,1.03846e+34,123,128,2,1, 56
"[84]lygSbHDNGINSacyuLBwwHcNjebaiaeLRKNCRbqPcfwoGsEPcdPIAJJDuEwlaGDyLkSsvbKjeKrwSMBMJhxBu",1.32923e+36,6.49037e+32,74,121,1,3, 57
"[78]flwmHoOIFLxPLBwHPcPjebcjaeLRKNCRbqPkpeGbExcPIJJDjQuaefGDKtumbPmLmjSABpyNpusmMD",2.12676e+37,1.62259e+32,244,128,4,1, 58
"[93]qdNzfbHuIsPwupNkccsuLBwwHPcNjebaiafLOKNCRbqPkOSuPGrENcvPIcJcJDuCuaGpKLvQqIMewxCeKaQEomMAShxLn",1.06338e+37,1.03846e+34,104,124,1,1, 59
"[91]qygzBEbHbctdRSccuyuLBwwHPcNjebbiaeLRKNCRbqPkOwOnGsExcLPIdJMJDQnuaGSKLkQqqPbNjmeKbwNDmMJhxdu",8.11296e+31,5.1923e+33,36,110,4,2, 6
"[88]qygzSbnztOINScfuLBwwHPrNjPbaiaeLRKNCRbqPbuwafovEMoGPIJlJDIlgGuaSMGLkQRbibKlueKbIAxmMJMds",3.32307e+35,3.24519e+32,91,120,2,3, 60
"[88]NKiESgHutyIzSMGyuLBtwHPqPyebaiaeLRKNCRbqPkmanbGsExcPIiJlJDvSxaFOKAOQqqPpFpreGbwcRzMOaxdu",2.12676e+37,6.49037e+32,87,125,1,1, 61
"[92]qQgzSkbPtrOINScveuLBwwHPcOjebaiaeLRKNCRbqQkdeNcGAsExcdoIjJJDuSguaaDKLkbqJLbcjDeKbwKLwAJhrxdu",1.32923e+36,2.59615e+33,70,121,1,1, 62
"[77]iygDSOHOOIdScLybLBwHPcIjebiaeLRKNCRbqFoOQcGEFFPIJJDtiuzaKRIlaoDmnCnSFeFmMCGNL",8.50706e+37,5.1923e+33,179,127,1,3, 63
"[89]qygzSbHutOINSccyuLBwwHPcNjebaiaeLRKNCRbqPkOwONGsExcGPIAJlJDuguRGDKLNQqqHbKjueKbwNDmMJhxdu",6.49037e+32,1.62259e+32,12,111,2,2, 64
"[89]qygrSbHuboIQQoGyuLBLsHPDajebaiaeLRKNCRbqPkPwOoGsEpcGPIlJJDuguaGMKLkQqqsaKtjbvfbmNzmMJhxau",8.30767e+34,5.1923e+33,69,121,5,3, 65
"[85]qygzwbHuOINccyPLBbtHPcfjebaiaeLRKNCRbqPkOwduGEpcGPIAJhJDIgwaDKoOjqkGbMxubjblNDiMOaxdi",2.07692e+34,1.62259e+32,61,115,1,0, 66
"[83]oIgzMDLOlNStyybLBwexHQcNjQLaieLRKNCRbqtbdOnGEnpGPIvJlJDuauaGDKvkcnPoFNsepbMwDMasEGu",4.25353e+37,3.24519e+32,134,127,2,1, 67
"[88]efgzSbHBtOINoccsgLBwwHPcIjbraiaeLRKNCRbqDbOwOoGmExfPIAJLJDuERyLDKDfQqFcKRxrHKbwNFDaphxdu",8.50706e+37,1.03846e+34,95,127,1,1, 68
"[84]ygzSbHcOIMRBfjLBwHPcyjebmiaeLRKNCRbqPBPGdNLtESbbPIbJJDJkuLASLbCCoalftoqdbsJzhmMMSjqi",8.50706e+37,5.1923e+33,148,127,1,1, 69
"[88]QzgzfHutuRQdSnmiMuBwkHQcNbLbbgRaLRKNCRbqPzcMLurEEmoGoIJLJDuaKFGpKeoGaqahsjBebLygDmMJhCdG",8.50706e+37,5.1923e+33,145,127,1,1, 7
"[91]qygzebHutGIbNScgyuLBwwHPcqoebaiaeLRKNCRbqPtOwOPGsExoLPIAJlJDuddgmJeRLkQSAPssjuzKbHIDmMJhxdu",2.07692e+34,1.03846e+34,70,115,1,1, 70
"[84]EyglSOHutoIgGccycLBywHPcajabaiaLRKNCRbqPoocolEoGPIeJlJDuguaOzPLhpqPqKjuqKDwqDHMDxade",5.31691e+36,5.1923e+33,86,127,5,3, 71
"[88]qygzSbHutOINjcyuLBwwHPcNebaiaeLRKNCRbqPkgwOpGsExchPIAJlJDuGuseDKakQqqPbKAueKbwNzmhJhOxuu",2.07692e+34,6.49037e+32,30,115,1,0, 72
"[87]igzjbHuQOINSccyzLBwwHPcNjebaiaeLRKNCRbqPkObOuGLExcGPIAJJDuguaGwNxkQqqdbKxueRbwNDmMJhIlu",2.07692e+34,1.62259e+32,36,115,1,3, 73
"[91]qygkcSmHutOINSbvcsiLBwxHPdnjebaddeLRKNCRbqnkOwOoGsExcPIyJlmJDugpaackLnQqqPyKjueKJwPonlJhvdu",1.32923e+36,6.49037e+32,71,121,1,3, 74
"[87]FegzSbHQxkINSkcmuLBswHpcIfAciaaLRKNCRbqPMMawoGsExcPIAJlJDygeaGDKLrklRPbKjurGfwFMmBylkOu",4.25353e+37,1.03846e+34,125,126,1,3, 75
"[89]qaygzSgxHuFOINncczuLBbsHcNjebaieLRKNCRbqPkORRubsExoGPIAJlJDuguHdhgLcIqqPwyjumKCwBhsiJOalu",2.65846e+36,6.49037e+32,94,122,1,3, 76
"[87]qynFEbHFvOInPGcyLBtHPePjebeiaeLRKNCRbqPkQMydPGExczPIJJxDuSrjhhFDAybazGMtuueCcwrxNMQIvda",4.25353e+37,6.49037e+32,161,126,1,3, 77
"[89]qxgzSBumtOINztiyFLBywHPcORebaiaeLRKNCRbqzFOwyPzsExoGPInJlJDEwRDaGDLkzkQqqxbjuQObpNvMFhxuz",1.06338e+37,5.1923e+33,86,125,2,3, 78
"[86]qygzeuHFuoOIzhEjchuLBhwHPcNpebaieLRKNCRaqPkRwOuExPGPIAJlJDuguyDbLkQqqPQKlwebeCDmMJfxdu",2.12676e+37,1.03846e+34,73,125,1,1, 79
"[88]zygzSbHutOIdSccyuLBwwHRmgaeeahaeLRKNCRbqPvOpvstExoGPIAJJDMguRGcKAkQmqIPiKjumbrNoDcSJmxdi",8.50706e+37,1.03846e+34,59,128,2,1, 8
"[87]ygySbHyzdIcRQujyOLcwiHPcNjBbaiaeLRKNCRbqPxhezMsELoGoIkJlJDuxlptDkgSQSRPbKdgrHDcDmMbKwdu",2.65846e+36,1.03846e+34,152,122,1,1, 80
"[90]PygbbHywvOINQccouLBwwHPcjebfiahLRKNCRbqPOaONGECcbcPIAJbaJDuogaGDtNkQPqkrItycuRKbwHFNMDinNG",8.50706e+37,1.03846e+34,120,127,1,1, 81
"[89]qygzObHutOINjgcyuLBwwHPcNjebaieeLRKNCRbqPkOwONGsExcRPIAJlJDuguFDNLkQqqPlKjueKbwNDmMJFhxdu",4.25353e+37,1.03846e+34,26,127,2,3, 82
"[89]qygzSbHutOINSccyuLBwwHPJNjebaiaeLRKNCRbqPkOwOuGsExcGPIAJlJDuguaGDKLkQqqPbKjueKbwNDmMJhxdu",6.71089e+07,2.47588e+27,3,27,1,3, 83
"[91]qpgRqbHutvIRSccwQfLBbwHPcMjeoaibeLRKNCRbqPnOsduesExcPGPIAJlJDKgLaGtiESKqpabftuloIwNDHkJhxid",8.30767e+34,6.49037e+32,82,117,1,3, 84
"[90]qdgzziHANOINSccjuLBwgHPPNjbaiaeLRKNCRbqPkOwfPGusExbPIAJleJDuGfsGoKukrMFRlIsypKywiDmCqEhPey",1.06338e+37,1.03846e+34,120,124,1,1, 85
"[87]qrgvSHuttIAlBuLBkwHPcvjeLaiaeLRKNCRqPkvwOnGsxEecLMPIFJJDnhumGFlLwQeribKqOFeKbzdDzmNIxdu",2.65846e+36,1.03846e+34,104,122,1,1, 86
"[88]ueplSGjIyLOIcGGuLBwsHPcjjebaiaeLRKNCRbqPGOwOofsExshPIAJnJDzNtCxMmLnQIqPbujxgKjwHGaMfxdLK",4.25353e+37,5.1923e+33,98,126,1,1, 87
"[89]wbgzsbHntOINSccyuLBwlHcNjibQiazLRKNCRbqPGElleesEzcNaPIJlJDugzaGDJLxbsqxnrrjuoKPwNDmMJhxdu",8.50706e+37,1.03846e+34,92,127,1,1, 88
"[88]qygMSGovtBISvMfuLBmwHPcRjebaiaeLRKNCRbqPcfvqoGsExlPIAJvJDugubGrokdqqPbKIuzKxwNvMSAJJbdyO",2.12676e+37,2.12676e+37,92,127,3,3, 89
"[88]qygzSwHutOINLckuLBoxHPaNjebaimeLRKNCRbqPfCwOQGExctPIAJuJDtguaGQxAkQqqPbajQgKOtFDmMMKxoKk",1.66153e+35,6.49037e+32,66,118,1,1, 9
"[87]qgzmjebbOONQsbyuLBgwHPcNjeBaBaeLRKNCRbqPsozOpGsErcbPIJJDuguaGDwJNAqqrjJyjDeKmxSvnNJludM",2.65846e+36,5.1923e+33,87,122,1,3, 90
"[87]qAgwSqHutmxNSIDjALBwwHOcNjebCaeLRKNCRbqPhMBfcNsEzPGPIAJJDNgxKEpuLkPdqMRKaFMFFxaDmIuhxdu",1.32923e+36,1.03846e+34,146,121,1,3, 91
"[88]ygzsSblHbOIbSccyuLBwwHPcNebaiaeLRKNCRbqPkucbusExPGPInJJDDuAclGDKLSmqqPbFEwRzKbwNLLMJjFwu",8.50706e+37,6.49037e+32,93,128,2,1, 92
"[91]xyDygzSyHutOINGucyuLcwwHPcNjabaiaeLRKNCRbqPzORQbGbExcaPIAJlJDnguaGDKLBQqqibKjueKbwNDmMbkxdM",2.65846e+36,1.62259e+32,35,128,7,1, 93
"[95]RygzabBHutaDudgzcFFLLBnwwHPcNgebiMLeLRKNCRbqPkOQOuesExPGlPIFJgJDufPofDfIzzQwBPNsKOerOoDhMGhDzma",4.25353e+37,5.1923e+33,131,126,1,1, 94
"[87]hygzobHatOIlNSicyuLBwwHPcNjebMiaeLRKNCRbqPEjNOGsExcPIAJlJDuguyGCLkQLqPCKjueKaNDmMJhxdIR",2.07692e+34,1.03846e+34,47,115,1,3, 95
"[87]dygzSbHutOINScyuLBwwHPpebakaLLRKNCRbqNkOwQaGsExcyPIAJlJDuxuFqkKLkQqqIQbKPueibwRDDMypxou",8.50706e+37,1.03846e+34,48,127,1,1, 96
"[88]qOgzSbHNtOIaSAcuLBwwHPcNjAbakaeLRKNCRbqPkFwOPGsExcaPIeJbJDtguQGvKLkQRqFbijueKbwmLmMJOxdQ",5.31691e+36,6.49037e+32,43,123,1,3, 97
"[90]BygzabHutOINEoOQuLBgwHPcCjebailLRKNCRbqPGOPMitNAEecPIAJlJDuwANjNDKGkQePPbmJGeKzwwqjJPJjEdu",2.12676e+37,1.03846e+34,95,125,1,3, 98
"[90]vygAGrHuAfIMQScDhELBwwHPcRjedaiaeLRKNCRbqPbOeOoGsEPcvPIAJJDpzcaeAKDxRIqreimwEpbwhNmQzJSxcq",8.50706e+37,1.03846e+34,155,127,1,3, 99
